Time,Time Code,Country Name,Country Code,Exports of goods and services (% of GDP) [NE.EXP.GNFS.ZS],Imports of goods and services (% of GDP) [NE.IMP.GNFS.ZS],Trade (% of GDP) [NE.TRD.GNFS.ZS],Gross national expenditure (% of GDP) [NE.DAB.TOTL.ZS],Gross savings (% of GDP) [NY.GNS.ICTR.ZS],Gross capital formation (% of GDP) [NE.GDI.TOTL.ZS],"Foreign direct investment, net inflows (% of GDP) [BX.KLT.DINV.WD.GD.ZS]","Foreign direct investment, net outflows (% of GDP) [BM.KLT.DINV.WD.GD.ZS]",Final consumption expenditure (% of GDP) [NE.CON.TOTL.ZS],"Industry (including construction), value added (% of GDP) [NV.IND.TOTL.ZS]",Trade in services (% of GDP) [BG.GSR.NFSV.GD.ZS],"Services, value added (% of GDP) [NV.SRV.TOTL.ZS]","Manufacturing, value added (% of GDP) [NV.IND.MANF.ZS]","Population, total [SP.POP.TOTL]",GDP per capita growth (annual %) [NY.GDP.PCAP.KD.ZG],GDP growth (annual %) [NY.GDP.MKTP.KD.ZG]
2022,YR2022,Germany,DEU,50.33785444,48.2812997,98.61915414,97.94344526,28.5176913,24.82980567,1.163376391,4.392450972,73.1136396,26.67731216,21.81731239,62.6827168,18.45047258,84079811,0.715380074,1.78520821
2022,YR2022,United Kingdom,GBR,32.72264633,36.20039514,68.92304148,102.7162399,15.75773655,18.7686604,1.437045859,5.17561175,83.94757948,17.86099923,26.3433468,70.95395944,8.445519858,66971411,4.186941875,4.101621381
2022,YR2022,France,FRA,34.01277399,38.13073913,72.14351312,104.118003,23.65302661,26.61927345,3.78830559,4.267444132,77.49872953,17.38281834,22.71725356,70.31819195,9.321519212,67935660,2.281547291,2.562393564
2022,YR2022,Italy,ITA,37.14961436,38.6903652,75.83997956,101.5407508,20.4351717,21.7513562,1.553302055,0.449901989,79.78939463,23.03198129,12.77342683,64.79331993,14.12333717,58856847,4.120020347,3.674683255
2022,YR2022,Spain,ESP,41.55132815,40.1418724,81.69320055,98.59054425,21.60898032,21.02971273,3.026393512,3.132654636,77.56083152,20.76138491,18.21010672,67.74490094,11.64223258,47615034,5.01039069,5.451739623
2022,YR2022,Netherlands,NLD,92.63769329,83.21288247,175.8505758,90.57518918,26.19051151,21.43391423,-1.160970211,12.70226554,69.14127494,18.91326475,40.05125301,68.84207797,10.96106402,17703090,3.474680351,4.478240001
2022,YR2022,Switzerland,CHE,74.97470842,62.69696507,137.6716735,87.72225653,29.68858608,25.63352164,3.430372516,1.042427351,62.08873489,24.19669934,37.8328719,72.38673,17.81984765,8769741,1.287236846,2.05923242
2022,YR2022,Poland,POL,61.71827657,60.60539977,122.3236763,98.88712319,20.24706163,23.9834079,5.130223796,1.071672582,74.90371529,29.83298699,22.23237446,56.82302032,17.69474122,37561599,5.392019451,4.874023579
2022,YR2022,Sweden,SWE,52.58635352,50.1589515,102.745305,97.57259798,32.60225124,28.13461808,8.541227627,10.8717027,69.43797989,23.71595198,33.04015105,63.86536302,12.60068616,10486941,1.946023171,2.64221674
2022,YR2022,Belgium,BEL,95.32847204,97.74575298,193.074225,102.4172627,16.32874804,27.65974795,1.692517422,6.423663479,74.75751479,20.72203389,48.82361577,68.25745164,12.60708315,11669446,2.571040719,3.247837207
2022,YR2022,Ireland,IRL,136.9510937,99.62215234,236.573246,62.90472329,37.46972233,28.87922703,2.825266025,3.901431088,34.02549626,41.0525833,134.8161536,52.30012346,37.55576735,5086988,10.78488344,11.9695803
2022,YR2022,Norway,NOR,55.67352639,27.32529587,82.99882227,71.65178744,50.92153251,20.63654693,0.824719182,2.610017118,51.0152405,48.68651055,17.96465292,42.14938196,4.766811877,5457127,2.356845566,3.280557654
2022,YR2022,Austria,AUT,60.78912067,59.3391216,120.1282423,98.58006218,28.65999641,27.39525976,-0.298877447,-0.507532246,71.18480241,26.17703858,32.79610708,62.11085513,15.55301465,9042528,3.989868963,4.996942407
2022,YR2022,Denmark,DNK,69.3139816,58.68607432,128.0000559,89.37208511,37.93300848,24.56360537,6.838937604,7.118484364,64.80847973,20.87321982,58.52273309,66.30793557,10.93902717,5903037,3.00465121,3.819017747
2022,YR2022,Russian Federation,RUS,28.1889032,15.58521122,43.77411441,88.25256525,31.71037582,22.28543385,-1.787319182,-0.585422632,65.9671314,32.7935316,5.338948939,53.97625194,12.84190061,143555736,-2.162417837,-2.069711525
2021,YR2021,Germany,DEU,47.03055459,41.71222322,88.74277782,94.68166863,30.51882701,23.29031721,2.251301763,5.040207032,71.39135143,26.73650309,18.97704027,62.88454224,18.85505657,83196078,2.583557475,2.626987267
2021,YR2021,United Kingdom,GBR,28.81996048,30.05502487,58.87498535,101.2637837,16.08281661,18.28793003,0.189665013,5.153979051,82.97585372,17.3016052,22.89328556,71.60294523,8.694035801,67026300,7.685656647,7.597470972
2021,YR2021,France,FRA,29.44875183,31.39091596,60.8396678,101.9422041,24.38751271,25.02669071,3.240998541,3.681407475,76.9155134,16.65572381,19.13209542,70.34412025,8.879429958,67749632,6.535119983,6.816589136
2021,YR2021,Italy,ITA,32.69340172,30.4152924,63.10869412,97.72189067,23.72848778,20.65431454,0.89443321,2.668776308,77.06757614,22.70106754,10.30162759,64.99108283,15.10783781,59109668,7.582577997,6.986766416
2021,YR2021,Spain,ESP,34.93348757,33.44828901,68.38177657,98.51480144,21.79084404,20.84133631,3.076229592,1.675787623,77.67346513,20.35742873,13.53797438,67.42597623,11.53522996,47415750,5.408112942,5.519594973
2021,YR2021,Netherlands,NLD,83.06591698,72.7954224,155.8613394,89.72950542,28.74408488,21.47603072,-12.99467455,1.508237706,68.2534747,17.88116474,36.99122608,69.40792781,10.84012297,17533044,4.315704495,4.863219149
2021,YR2021,Switzerland,CHE,71.37129447,59.47951503,130.8508095,88.10822057,34.02171094,26.04990897,-16.76944751,-12.39020158,62.0583116,24.59815491,37.20422992,71.92333801,17.9908748,8703405,3.440503207,4.221716577
2021,YR2021,Poland,POL,57.91067506,54.53492219,112.4455972,96.62424713,20.10064004,21.4932613,5.462277196,1.386726369,75.13098583,27.86491958,19.21665412,56.90002241,16.72083441,37747124,7.277862111,6.847760739
2021,YR2021,Sweden,SWE,46.27716018,41.83477236,88.11193254,95.55761217,32.10787565,25.77088414,8.240148594,9.247615916,69.78672804,22.50197728,27.13376126,64.97374607,12.33797263,10415811,4.754798639,5.385840184
2021,YR2021,Belgium,BEL,86.8267422,85.77572166,172.6024639,98.94897946,26.40496577,26.01978305,4.044205098,7.66838535,72.92919641,19.61408188,45.98916555,68.79611622,12.31482618,11592952,5.787660737,6.285931393
2021,YR2021,Ireland,IRL,134.4147927,95.03124372,229.4460365,60.60716255,38.95319934,24.70258474,16.06930901,28.49319287,35.90457782,37.79180925,138.9571918,55.36427388,34.61500883,5033165,12.50988246,13.58824711
2021,YR2021,Norway,NOR,41.73738371,28.80834453,70.54572825,87.07098456,39.10078915,25.59718113,2.891950874,5.71268848,61.47380343,36.34354476,16.99532932,51.81011107,5.611926052,5408320,3.344262233,3.898399067
2021,YR2021,Austria,AUT,55.90030862,55.32198345,111.2222921,99.33712451,28.27025507,27.77971672,2.566072471,4.358617649,71.55740778,25.83396863,28.4181438,62.41391114,16.54585007,8955797,4.102317176,4.556850913
2021,YR2021,Denmark,DNK,59.65853968,52.52171418,112.1802539,92.86317154,32.01879712,22.96894174,4.526891386,9.88303219,69.8942298,19.32007652,45.67979129,66.69793484,11.95612009,5856733,4.402231182,4.855707586
2021,YR2021,Russian Federation,RUS,29.89489634,20.66284785,50.55774419,89.75845375,30.8423838,23.20529214,2.202088546,3.586642943,66.55316161,31.77213467,7.157933324,54.09964147,12.87105348,143449286,6.045474051,5.614290376
2020,YR2020,Germany,DEU,43.01312903,37.38517603,80.39830506,94.372047,29.06334262,22.0899857,4.134044807,3.982623696,72.2820613,26.62110218,16.8552243,63.30407614,18.70474507,83160871,-3.775429714,-3.696788705
2020,YR2020,United Kingdom,GBR,29.23718972,28.87896913,58.11615884,99.64177941,14.05688575,17.25640099,4.898158179,-0.164342622,82.38537842,16.99156331,22.68497667,72.59885077,8.718407428,67081234,-11.35567606,-11.03085846
2020,YR2020,France,FRA,27.45022764,29.41359525,56.86382289,101.9633676,21.41629887,23.7207251,0.733943387,1.079402977,78.24264251,16.4954388,17.92594948,71.15789045,9.26738251,67571107,-8.034474295,-7.784586492
2020,YR2020,Italy,ITA,29.43617352,25.83684879,55.27302232,96.40068129,21.55723389,17.6999806,-1.164390699,-0.015934804,78.7007007,21.56098792,9.488736815,66.89635687,14.59604427,59438851,-8.534686345,-8.979126097
2020,YR2020,Spain,ESP,30.79994526,29.34322252,60.14316778,98.54327726,21.00736812,20.39885902,2.868551752,4.459256441,78.14441824,20.1321301,11.88746187,68.23779125,11.01486687,47365655,-11.75755913,-11.32543832
2020,YR2020,Netherlands,NLD,78.2654765,68.19630146,146.461778,89.93082495,26.90348461,21.75649379,-22.28911061,-31.78680983,68.17433116,17.856829,38.87927099,69.63403764,10.82645977,17441500,-4.418555509,-3.886083918
2020,YR2020,Switzerland,CHE,64.30703188,57.85862401,122.1656559,93.55159214,31.77158317,29.79943162,-32.72917393,-14.89055073,63.75216052,24.81226719,35.21598793,71.76339406,17.73192485,8638167,-3.086282111,-2.37556328
2020,YR2020,Poland,POL,52.9909243,47.33328713,100.3242114,94.34236283,21.15951094,18.75930413,3.194800325,0.835275716,75.5830587,28.34833116,17.85257958,57.16430705,16.47228525,37899070,-1.848440388,-2.020116215
2020,YR2020,Sweden,SWE,43.84730253,39.36370034,83.21100287,95.51639781,31.12142118,25.09686342,3.455753011,4.1373461,70.4195344,21.59068762,25.39030333,65.84370307,12.36082768,10353442,-2.87468419,-2.170213179
2020,YR2020,Belgium,BEL,79.44654886,77.73379751,157.1803464,98.28724865,25.38587754,24.27763113,-4.635556118,-3.59538274,74.00961752,19.48289728,45.67750089,69.51754071,12.29189474,11538604,-5.769592438,-5.36258592
2020,YR2020,Ireland,IRL,133.3372023,114.428561,247.7657633,81.40650576,36.50919418,43.64846252,8.167802878,-21.59544369,37.75804324,37.50449021,156.8445314,55.99052579,34.04510934,4985382,5.097385401,6.184538039
2020,YR2020,Norway,NOR,32.21033778,33.14364126,65.35397904,100.9332746,32.43626802,31.35211573,-1.115965034,-3.05429055,69.58115887,26.88316734,20.03083894,59.60411085,6.587926016,5379475,-1.857696109,-1.278171785
2020,YR2020,Austria,AUT,51.61281493,48.61081631,100.2236312,96.88521868,28.73854199,25.64683077,-2.680620687,0.174756018,71.23838791,25.78114125,27.66859084,62.88559218,16.41186306,8916864,-6.841544703,-6.453968467
2020,YR2020,Denmark,DNK,54.92962126,48.5826383,103.5122596,93.65301652,30.55209879,22.66306024,-0.074235867,2.668952552,70.98995628,19.9990648,41.7133702,65.51786646,13.19164335,5831404,-2.280015264,-1.994607569
2020,YR2020,Russian Federation,RUS,25.52218551,20.44472269,45.9669082,94.92253718,25.76849841,23.45582915,0.634851187,0.39160769,71.46670803,29.71712458,7.548746915,56.3729429,13.40281368,144073139,-2.451026929,-2.653654501
2019,YR2019,Germany,DEU,46.66961299,41.0167969,87.68640989,94.34718391,29.67665162,22.12054381,1.902524713,4.44382847,72.2266401,26.95424472,19.24476363,62.37886021,19.55664131,83092962,0.828957962,1.056603898
2019,YR2019,United Kingdom,GBR,31.25760606,32.87254707,64.13015313,101.614941,15.43526357,18.26686467,0.692697277,-0.752463024,83.34807635,17.66423273,25.00903766,71.08988415,8.707091123,66836327,1.032740842,1.604308648
2019,YR2019,France,FRA,31.59205541,32.54941778,64.14147319,100.9573624,23.76960098,24.36464032,1.960494002,3.091529733,76.59272204,17.42467597,20.61903279,70.04358733,10.00781495,67388001,1.495898988,1.842971814
2019,YR2019,Italy,ITA,31.60241973,28.2765605,59.87898022,96.67414077,21.5433856,18.23967793,1.550498698,1.634217935,78.43446283,21.52700987,12.18821861,66.2531597,14.88415792,59729081,1.648503393,0.483198317
2019,YR2019,Spain,ESP,34.90690181,31.9669887,66.87389052,97.06008689,22.9344685,20.82940925,1.856148637,2.495879568,76.23067764,20.0416214,17.40125286,68.18451514,10.91381623,47134837,1.254631755,1.983966223
2019,YR2019,Netherlands,NLD,82.5377127,72.73296394,155.2706766,90.19525124,29.01453075,22.09641414,-2.001800722,-2.093674268,68.0988371,17.56228053,42.05067326,69.96685341,10.77442485,17344874,1.289889121,1.955588416
2019,YR2019,Switzerland,CHE,66.96539368,57.1622185,124.1276122,90.19682468,31.09476335,26.4377929,1.216424915,8.137591244,63.75903178,24.72115913,38.47571794,71.86188459,17.92353933,8575280,0.423089768,1.141982325
2019,YR2019,Poland,POL,53.19533562,49.49337817,102.6887138,96.29804255,20.25584034,20.49651037,2.955918051,0.900247248,75.80153219,28.63654319,19.11339326,56.88400921,16.92498816,37965475,4.475553602,4.450036364
2019,YR2019,Sweden,SWE,47.80921095,43.62461802,91.43382897,95.81540706,30.39909743,25.12379647,3.093822362,4.288799204,70.69161059,21.90371194,28.60476548,65.51512104,12.80441158,10278887,0.957561656,1.986195874
2019,YR2019,Belgium,BEL,82.39719928,81.76905009,164.1662494,99.37185082,25.09074047,25.0013318,-3.989794483,-4.779161512,74.37051902,19.25934886,46.2912634,69.34728933,12.34546701,11488980,1.710374927,2.261568321
2019,YR2019,Ireland,IRL,127.8796462,124.369852,252.2494982,96.22983578,35.39443351,54.95478605,-11.67810972,-36.08060101,41.27504974,35.43093466,145.0795951,57.46129875,31.58510251,4934340,4.00871471,5.440937334
2019,YR2019,Norway,NOR,36.64092532,34.25489521,70.89582053,97.61394208,33.41545381,29.6114444,3.995134026,1.88072511,68.00249768,29.82445898,23.37155738,57.31028928,6.276062105,5347896,0.443398578,1.123746964
2019,YR2019,Austria,AUT,55.75720636,52.12879115,107.8859975,96.36023699,27.83986512,25.34859295,-2.787548839,-1.611726456,71.01164405,25.18385977,32.0412672,63.12987899,16.591013,8879920,1.066969706,1.517388583
2019,YR2019,Denmark,DNK,58.64718222,51.57764639,110.2248286,92.93046448,30.34387485,21.85308823,-1.097185465,1.827889044,71.07737625,20.70893809,46.17768295,65.07011648,13.40673475,5814422,1.130657494,1.493486959
2019,YR2019,Russian Federation,RUS,28.43343068,20.79532298,49.22875366,92.3618923,26.53727723,22.66151377,1.888517325,1.29484058,69.70037853,32.15049584,9.476404767,54.17294421,12.96920728,144406261,2.243979517,2.198075714
2018,YR2018,Germany,DEU,47.30885914,41.2110119,88.51987104,93.90215276,29.87843174,21.91959471,4.1997218,4.929693035,71.98255805,27.30627405,18.42391486,62.11846856,20.03883582,82905782,0.678212594,0.981232606
2018,YR2018,United Kingdom,GBR,31.23490667,32.76488938,63.99979605,101.5299827,14.03014204,18.10175164,-0.870539118,-0.994809614,83.42823107,17.76046278,24.85480272,70.92013108,8.828734455,66460344,1.090623956,1.705021022
2018,YR2018,France,FRA,31.71366721,32.72428539,64.4379526,101.0106182,23.15691984,23.85725759,2.776578144,4.986679056,77.15336059,17.18837933,20.64611127,70.09621268,9.971751436,67158348,1.500539123,1.865066071
2018,YR2018,Italy,ITA,31.3535542,28.94999704,60.30355124,97.59644284,21.12883754,18.52746022,2.115255482,1.847859213,79.06898262,21.45015172,11.93845487,66.34046167,15.00977875,60421760,1.11781662,0.925810941
2018,YR2018,Spain,ESP,35.14506267,32.42987759,67.57494025,97.28481492,22.34637944,20.46776242,4.123659565,2.680855497,76.8170525,19.86594776,16.72085878,67.87181888,11.02687275,46797754,1.837460464,2.284469419
2018,YR2018,Netherlands,NLD,84.68346368,74.13974653,158.8232102,89.45628286,30.27706737,20.95758714,-36.14034743,-29.90304217,68.49869571,17.80572542,42.73346092,70.03244241,11.05716246,17231624,1.764937264,2.360915095
2018,YR2018,Switzerland,CHE,67.4781861,56.95031822,124.4285043,89.47213212,31.38750609,25.73445323,-22.10530821,-4.573354431,63.73767889,24.42395718,38.58983329,72.06351529,17.66674993,8514329,2.10552472,2.860445795
2018,YR2018,Poland,POL,52.74802893,50.70246686,103.4504958,97.95443794,19.51830914,21.4500688,3.26166053,0.404055947,76.50436914,28.75731364,18.90893512,56.40995135,16.75377356,37974750,5.945420508,5.945208477
2018,YR2018,Sweden,SWE,45.68306151,43.44813688,89.1311984,97.76507537,28.61115354,26.00839715,-0.246421088,2.3052812,71.75667822,22.00243729,26.1829761,65.22629262,13.03144415,10175214,0.772577449,1.950022846
2018,YR2018,Belgium,BEL,83.07962947,83.41515763,166.4947871,100.3355282,24.49856226,25.4159758,-7.657179957,-6.62645482,74.91955236,18.93393077,45.69190082,69.62726725,12.17367734,11427054,1.330652227,1.792945193
2018,YR2018,Ireland,IRL,122.7847151,94.29141688,217.0761319,71.18307206,33.77500251,28.55188014,17.46313891,24.57722233,42.63119192,36.74900479,119.9566923,56.12317997,32.76699178,4867316,7.191314506,8.527541391
2018,YR2018,Norway,NOR,38.22102729,31.7821685,70.00319579,93.56108529,36.69118362,27.72684304,-1.287964042,3.274895708,65.83424226,32.64461227,21.74701353,54.57404711,6.103985902,5311916,0.165560772,0.828931484
2018,YR2018,Austria,AUT,55.46221912,52.46142039,107.9236395,96.99951274,26.76976829,25.72643543,-6.287101585,-5.915302474,71.2730773,25.36642939,30.75758787,62.85933477,16.82875171,8840521,1.92771306,2.425385361
2018,YR2018,Denmark,DNK,56.55980449,50.41519194,106.9749964,93.85538954,29.87983949,22.59928983,2.456000967,1.883918664,71.2560997,20.82449329,43.68583679,64.91700309,13.08842059,5793636,1.485085157,1.989537315
2018,YR2018,Russian Federation,RUS,30.7932568,20.78764357,51.58090037,89.99438677,28.94926849,21.91808915,0.530060793,1.893220022,68.07629762,32.55429805,9.616332221,53.42880552,12.81988325,144477859,2.815524107,2.80724541
2017,YR2017,Germany,DEU,47.16304068,40.07416227,87.23720295,92.91112159,28.83901792,20.96227304,2.966416856,3.945145397,71.94884854,27.46232202,18.16915606,61.79703473,20.39033901,82657002,2.297206047,2.680231114
2017,YR2017,United Kingdom,GBR,30.67244826,32.12711894,62.7995672,101.4546707,14.7423334,18.35014542,4.67148674,6.411202611,83.10452526,17.72228212,23.69976088,70.90730587,8.975073477,66058859,1.749953797,2.44357047
2017,YR2017,France,FRA,30.94863319,32.01321411,62.96184729,101.0645809,22.75294457,23.43619001,1.38212039,1.871587119,77.62839091,17.24115265,20.11206916,70.28536828,10.13628516,66918020,1.994998447,2.291419994
2017,YR2017,Italy,ITA,30.73373332,27.87044263,58.60417595,97.13671507,20.68469514,18.05407117,0.567766927,0.602211377,79.0826439,21.30040502,11.70394856,66.43105972,14.91387042,60536709,1.820333852,1.667859041
2017,YR2017,Spain,ESP,35.13056434,31.52649653,66.65706087,96.39593219,22.17603284,19.40073566,2.403614412,3.513532921,76.99519653,20.04564332,16.45624124,67.81784305,11.32799193,46593236,2.734475155,2.975760729
2017,YR2017,Netherlands,NLD,83.39176802,72.6364432,156.0282112,89.24467517,29.51491611,20.59267408,27.26955737,32.53391623,68.65200109,17.70313732,41.01117433,70.06662639,11.05242052,17131296,2.304284733,2.910902513
2017,YR2017,Switzerland,CHE,66.34849029,57.27331731,123.6218076,90.92482702,31.82193418,26.04431434,20.60353782,7.815033722,64.88051268,24.21769432,37.9491181,72.09011659,17.49101995,8451840,0.421326163,1.362799557
2017,YR2017,Poland,POL,52.05568506,49.2255373,101.2812224,97.16985224,18.8863464,20.02119232,2.287086841,0.743365171,77.14865992,28.86240326,18.24465917,55.90661461,17.09098373,37974826,5.126896815,5.140017574
2017,YR2017,Sweden,SWE,43.73472193,41.2000275,84.93474943,97.46530557,28.53700383,25.7247096,4.541014296,7.357884512,71.74059597,22.12837188,25.92756277,65.08890414,13.04552945,10057698,1.195147571,2.567924525
2017,YR2017,Belgium,BEL,83.18241025,82.1434261,165.3258363,98.96101585,25.15490744,24.45641513,-7.416757538,-1.054201842,74.50460072,19.23536249,46.34711012,69.31069109,12.42911753,11375158,1.228866236,1.619580278
2017,YR2017,Ireland,IRL,121.0168834,98.98709685,220.0039803,78.69940188,34.35825186,34.57204936,17.3319584,0.878364436,44.12735252,35.93553711,123.2650355,55.18237552,31.88471742,4807388,7.825064259,9.005342424
2017,YR2017,Norway,NOR,36.73226499,32.37651677,69.10878176,95.64422168,33.86108468,27.5528324,1.468742781,0.820166371,68.09138928,30.49336719,22.4983385,56.28612775,6.47768065,5276968,1.639507145,2.463746285
2017,YR2017,Austria,AUT,54.05115314,50.88769179,104.9388449,96.83681751,26.34263296,24.8384193,3.23990498,2.422529343,71.99839821,25.41186777,29.47154045,62.56298193,16.84270767,8797566,1.550724086,2.258572433
2017,YR2017,Denmark,DNK,55.07737678,47.90201313,102.9793899,92.82463707,30.06155369,22.05306246,1.086132947,2.843505521,70.77157461,20.74323784,40.74666203,64.90632144,13.00935793,5764980,2.162355113,2.821736341
2017,YR2017,Russian Federation,RUS,26.09088098,20.78564336,46.87652434,94.69476238,25.66868513,23.60675586,1.814092981,2.334966653,71.08800652,30.67329689,9.300318891,56.03276847,12.31277213,144496739,1.709385694,1.825790064
2016,YR2016,Germany,DEU,46.07326285,38.69638311,84.76964597,92.62312026,28.60399495,19.96742952,1.865906917,3.225483325,72.65569074,27.56850648,17.57088456,61.77060936,20.66187307,82348669,1.408102075,2.229999868
2016,YR2016,United Kingdom,GBR,28.6504713,30.60574825,59.25621955,101.9552769,12.45024761,17.93868448,12.03163593,1.218978535,84.01659247,17.48371186,22.48474823,71.07275411,9.017880319,65611593,1.393848825,2.165206211
2016,YR2016,France,FRA,30.24753718,30.8526052,61.10014238,100.605068,22.00607565,22.60939274,1.326491698,3.018437123,77.99567527,17.43413205,20.05373172,70.50541844,10.28302305,66724104,0.829056665,1.095464404
2016,YR2016,Italy,ITA,29.32789075,26.03971207,55.36760281,96.71182132,20.19833285,17.56102831,1.366845175,0.72770998,79.15079301,21.21794438,10.99434302,66.64998218,14.79103387,60627498,1.465690444,1.293462732
2016,YR2016,Spain,ESP,33.8624576,29.87742503,63.73988263,96.01496743,21.91999801,18.74356167,3.587463923,4.591502748,77.27140575,19.99255218,15.90189089,67.92708315,11.26496294,46484062,2.950815909,3.037774142
2016,YR2016,Netherlands,NLD,79.53516476,69.32349997,148.8586647,89.78833521,27.5948086,20.48756453,30.74908592,37.12606075,69.30077068,17.6375087,39.28356509,70.21770711,10.85104971,17030314,1.649315547,2.191713719
2016,YR2016,Switzerland,CHE,66.81772593,56.74819859,123.5659245,89.93047251,33.65321279,25.5619284,24.2480735,26.62424988,64.36854412,24.08997921,36.71569313,72.25789171,17.33221321,8373338,0.960131673,2.068689667
2016,YR2016,Poland,POL,50.26831894,47.27161863,97.53993757,97.00329969,19.24953658,20.22237151,3.776398411,2.977291231,76.78092818,30.76804779,17.53184984,54.86635316,18.48489509,37970087,2.997773055,2.953508842
2016,YR2016,Sweden,SWE,42.69147827,39.62916682,82.32064509,96.93768855,27.09930926,24.71538705,3.033472415,0.24668266,72.2223015,21.71325637,25.71147948,65.46762639,13.1918666,9923085,0.7961463,2.070593151
2016,YR2016,Belgium,BEL,79.42961547,78.23541051,157.665026,98.80579504,24.81696636,24.25221229,12.08629548,7.258528987,74.55358274,19.28822027,44.95150024,69.37556341,12.35694408,11331422,0.755268919,1.266686409
2016,YR2016,Ireland,IRL,121.6955686,106.0423329,227.7379015,84.11085672,33.62272051,37.5888787,34.40947543,31.3270429,46.52197801,36.90441258,123.4509184,55.00361325,33.10622074,4755335,0.861643052,2.006654115
2016,YR2016,Norway,NOR,35.93817143,33.17867097,69.1168424,97.24056373,32.95305124,27.72642156,-5.032549751,1.767244455,69.51414217,28.53061663,24.21163086,57.93169846,6.669694018,5234519,0.277407784,1.164724235
2016,YR2016,Austria,AUT,52.40639365,48.57568463,100.9820783,96.16928259,27.11891832,24.25632596,-7.310916958,-6.799712539,71.91295663,25.47680498,28.08730979,62.60349078,17.04741463,8736668,0.89246914,1.989437162
2016,YR2016,Denmark,DNK,53.42598052,46.74284826,100.1688288,93.31686252,29.54503371,21.7753957,2.49237426,5.746000434,71.54146682,20.66861683,39.28896021,65.14936431,12.93418569,5728010,2.443368874,3.245956985
2016,YR2016,Russian Federation,RUS,25.85448298,20.66363686,46.51811984,94.80915389,25.01341228,23.09542247,2.548500001,1.747694914,71.71373141,29.17390507,9.809459549,57.01232515,11.7002791,144342397,0.01024792,0.193690072
2015,YR2015,Germany,DEU,46.92073836,39.32548626,86.24622461,92.4047479,28.31064498,19.74294325,1.860729182,3.897594188,72.66180465,27.10978858,17.34318723,62.1545645,20.34789735,81686611,0.617105353,1.491931528
2015,YR2015,United Kingdom,GBR,27.63032549,29.28269577,56.91302125,101.6523703,12.69780709,17.76477643,1.54465681,-2.05042348,83.88759384,17.99382404,21.21070014,70.57144255,9.219530681,65116219,1.584979389,2.393103184
2015,YR2015,France,FRA,30.59262238,31.15907156,61.75169393,100.5664492,22.25486926,22.71232406,1.755723741,2.100319835,77.85412512,17.67969171,20.04486359,70.20872149,10.43366363,66548272,0.754024352,1.112912341
2015,YR2015,Italy,ITA,29.71598237,26.70219379,56.41817616,96.98621746,18.53172897,17.10726702,0.724336604,0.839812878,79.87895044,20.85638428,10.96236837,66.97142305,14.39537139,60730582,0.875477402,0.778304351
2015,YR2015,Spain,ESP,33.61086067,30.57234448,64.18320514,96.96148381,21.00819065,18.98743335,1.925923719,4.709878427,77.97405045,20.07361153,15.35161761,67.99818568,11.29402685,46444832,3.919117265,3.838518877
2015,YR2015,Netherlands,NLD,82.65889671,75.15767933,157.816576,92.49878262,27.6781319,22.47495681,43.48723168,51.37966148,70.02382581,18.18602103,46.01229275,70.0646949,10.80175882,16939923,1.508266184,1.959169721
2015,YR2015,Switzerland,CHE,63.82895575,53.30952646,117.1384822,89.48057071,34.8318008,25.07486328,17.10838333,18.17196169,64.40570743,24.20112582,35.52478759,72.03171257,17.11865816,8282396,0.494129822,1.644627687
2015,YR2015,Poland,POL,47.4503064,45.36848245,92.81878885,97.91817605,19.71678498,20.98354658,3.26925822,1.052165423,76.93462947,31.11515282,15.98725537,55.08974012,17.86906767,37986412,4.452883998,4.383298635
2015,YR2015,Sweden,SWE,43.76676752,39.95704699,83.72381451,96.19027948,27.4983342,24.42868979,2.030139318,2.949918539,71.76158968,22.15807176,26.26551039,65.30375757,13.60516563,9799186,3.390176296,4.489281588
2015,YR2015,Belgium,BEL,77.80528215,76.38726436,154.1925465,98.58198221,25.00867822,23.62795037,-4.220796953,1.585456967,74.95403183,19.66988832,46.12970058,69.2286131,12.69333388,11274196,1.451893368,2.041459009
2015,YR2015,Ireland,IRL,122.09624,93.33374577,215.4299857,71.25103442,30.24582348,25.78704109,81.24756735,64.9906807,45.46399333,38.15221268,105.6861392,53.80661097,34.650981,4701957,23.20087107,24.37044535
2015,YR2015,Norway,NOR,38.57518873,31.85666781,70.43185654,93.28151102,36.0004721,26.91884149,1.873994233,5.518731128,66.36266953,31.59863177,22.90717109,55.98337222,6.961573812,5188607,0.848799124,1.857339726
2015,YR2015,Austria,AUT,53.08906056,49.33825483,102.4273154,96.25004825,25.65331339,23.80552569,-2.088056539,-0.560119576,72.44452256,25.17491325,27.95498051,62.8806356,16.69003646,8642699,-0.11154019,1.014501586
2015,YR2015,Denmark,DNK,55.4181744,48.630054,104.0482284,93.21187101,28.87395985,20.63120591,0.611475183,2.397752162,72.5806651,19.98745459,40.5174966,65.83381243,12.40344481,5683483,1.622166258,2.342591108
2015,YR2015,Russian Federation,RUS,28.70338944,20.65595987,49.35934931,92.59394325,26.36670954,22.14872532,0.502607962,1.619754943,70.44521793,29.79405999,10.29597175,56.14249097,12.38301887,144096870,-2.183885472,-1.972719226
2014,YR2014,Germany,DEU,45.61926331,39.00083008,84.62009339,93.38156677,27.57490436,20.37029066,0.502227193,2.762892358,73.0112761,27.01099599,16.46558422,62.10857305,20.22439478,80982500,1.784341886,2.209543431
2014,YR2014,United Kingdom,GBR,28.38996858,30.46734882,58.8573174,102.0773802,12.46133187,17.60678796,1.921244878,-3.716380063,84.47059228,18.17044739,20.89201365,70.25273952,9.348694216,64602298,2.442465801,3.199702626
2014,YR2014,France,FRA,29.6666845,30.81211202,60.47879652,101.1454275,21.48894054,22.70983107,0.203254563,1.859043151,78.43559645,17.74593967,18.40532457,70.3461076,10.280426,66312067,0.484564448,0.956183052
2014,YR2014,Italy,ITA,29.10882819,26.21328696,55.32211515,97.10446492,18.86054852,16.95920181,0.787819995,0.947093888,80.14526311,20.79842911,10.71375172,67.08570377,13.97623924,60789140,-0.91781388,-0.004547542
2014,YR2014,Spain,ESP,33.46797623,30.37028572,63.83826195,96.90230949,19.57792092,17.89420574,2.401426131,3.347134027,79.00810375,20.0635672,14.89113491,68.47148192,11.30322446,46480882,1.699352659,1.395775367
2014,YR2014,Netherlands,NLD,80.57790815,69.47584728,150.0537554,88.89793913,26.34327555,17.91262136,13.18443374,13.27253927,70.98531777,18.41235333,35.63442683,69.91035797,10.36065281,16865008,1.059101254,1.423395395
2014,YR2014,Switzerland,CHE,65.33727012,54.87615325,120.2134234,89.53888328,33.42075241,25.55319604,2.890846324,1.576579934,63.98568724,24.32391507,35.40176675,71.74878424,17.54952531,8188649,1.108693594,2.349881275
2014,YR2014,Poland,POL,46.48878717,46.07986113,92.5686483,99.59107396,18.08931337,20.97454238,3.794423798,1.248236506,78.61653157,29.9957896,15.36319623,55.55825403,17.11020892,38011735,3.914705633,3.836958494
2014,YR2014,Sweden,SWE,43.26616125,39.66737045,82.93353169,96.4012092,27.5647816,23.50411874,-1.481928904,-0.653829914,72.89709046,21.78612128,24.92053602,65.68175158,13.06286676,9696110,1.644244006,2.657798275
2014,YR2014,Belgium,BEL,79.80100907,78.98220685,158.7832159,99.18119777,24.57712336,23.13618772,-2.840147495,-0.07811693,76.04501005,19.67482648,45.38627121,69.16114583,12.56468619,11209057,1.128595725,1.578533143
2014,YR2014,Ireland,IRL,110.1216357,92.12276928,202.244405,81.49531574,23.91246134,22.23343983,37.5745339,34.97097347,59.26187591,24.30568058,105.0165476,65.96280189,19.53700169,4657740,7.858018208,8.649350608
2014,YR2014,Norway,NOR,39.72767204,29.40970518,69.13737722,89.68206476,39.13610283,27.20999211,0.646203788,4.597290141,62.47207266,34.67383521,21.3109573,53.4347468,6.887110282,5137232,0.90376265,2.048131999
2014,YR2014,Austria,AUT,53.38657905,50.1169562,103.5035353,96.73083942,25.98613123,23.53154279,0.386858115,-0.197784974,73.19929663,25.3646396,27.97909238,62.65379327,16.56001525,8546356,-0.122370667,0.661272849
2014,YR2014,Denmark,DNK,54.61313944,47.65077691,102.2639163,93.03763484,29.00361173,20.09102058,1.863305283,2.810139852,72.94661427,19.78499589,39.15378028,65.59860768,11.86020064,5643475,1.105433466,1.619393811
2014,YR2014,Russian Federation,RUS,27.11109705,20.69024421,47.80134126,94.18119701,24.51218082,22.39086423,1.069876414,2.772000162,71.79033279,27.93152706,9.06968282,55.68483069,11.33558041,143819667,-1.045262038,0.736267221
2013,YR2013,Germany,DEU,45.41867786,39.66019884,85.0788767,94.24152098,26.58238547,20.05374642,1.799764604,2.498612666,74.18777456,26.78261334,16.22103836,62.19179398,19.92519608,80645605,0.163870563,0.437591303
2013,YR2013,United Kingdom,GBR,30.04921741,31.60631006,61.65552748,101.5570926,11.70076713,16.47851984,1.955025587,1.659930934,85.07857281,18.56992329,21.17788309,70.05009269,9.536968046,64128273,1.140212964,1.819863375
2013,YR2013,France,FRA,29.36473787,30.39931721,59.76405507,101.0345793,21.3897746,22.28719307,1.123423424,0.626465435,78.74738627,17.97180129,17.15594121,70.30369041,10.35434248,66002289,0.058149505,0.576326675
2013,YR2013,Italy,ITA,28.63324308,26.23433632,54.8675794,97.60109324,18.03182182,16.89239376,0.911862937,0.946610041,80.70869948,21.17245852,10.44294194,66.68531596,13.88001981,60233948,-2.9724038,-1.841065451
2013,YR2013,Spain,ESP,32.95195248,29.02436324,61.97631572,96.07241076,19.25360755,17.21014581,3.494685674,2.442487065,78.86226495,20.26498099,14.02831846,68.50159257,11.18698668,46620045,-1.079741265,-1.403341868
2013,YR2013,Netherlands,NLD,79.88047779,69.66885352,149.5493313,89.78837573,25.99369606,18.51004523,37.47008228,47.40819427,71.2783305,19.33416406,33.5312347,69.07063681,10.28808578,16804432,-0.424178694,-0.130175288
2013,YR2013,Switzerland,CHE,72.06821362,61.62549479,133.6937084,89.55728117,35.56364461,25.15493396,-3.52948637,1.776539792,64.40234722,24.70221273,33.73737791,71.38735209,17.80054077,8089346,0.628360675,1.792144057
2013,YR2013,Poland,POL,45.98092417,44.79843889,90.77936307,98.81751472,17.39416998,19.30077798,0.199510624,-0.603960732,79.51673674,28.73483399,14.89970156,56.61016388,15.74528595,38040196,0.917452492,0.856557081
2013,YR2013,Sweden,SWE,42.52680913,38.28885614,80.81566528,95.76204701,27.33683545,22.52312585,0.224393965,4.753095654,73.23892116,22.06833913,23.85032508,65.21037254,13.30496399,9600379,0.333984863,1.187775716
2013,YR2013,Belgium,BEL,79.3243484,78.52649664,157.850845,99.20214824,24.23411184,22.4281969,-5.680612374,-2.370517292,76.77395133,19.87919976,41.9773466,68.77188964,12.56263999,11159407,-0.013148386,0.459242193
2013,YR2013,Ireland,IRL,104.0085182,85.23362801,189.2421462,80.89562644,20.79017167,18.78648063,29.71004332,20.79375768,62.10914581,23.87491411,97.98132783,66.50199433,19.21084273,4623816,0.594605554,1.125689646
2013,YR2013,Norway,NOR,39.86130953,28.11148306,67.97279259,88.25017352,38.63173465,27.32761982,-0.260184321,2.274128537,60.9225537,36.27393147,19.95799123,52.05752774,6.709369696,5079623,-0.197883222,1.016190824
2013,YR2013,Austria,AUT,53.4412933,50.62512079,104.0664141,97.30219672,25.48416116,23.72339,0.104862186,2.56421002,73.57880672,25.52494179,26.87565564,62.32658311,16.49572937,8479823,-0.562298943,0.025504712
2013,YR2013,Denmark,DNK,54.82881899,48.2213221,103.0501411,93.39249896,27.45207095,19.69080563,0.198012181,2.039771851,73.70169334,20.06180735,39.46719558,65.15086467,11.77968841,5614932,0.513424428,0.933340972
2013,YR2013,Russian Federation,RUS,25.84533683,20.44181257,46.2871494,95.11260425,24.28209584,23.27168199,3.01940208,3.773507442,71.84092226,28.19128918,8.658973115,56.12160455,11.05730634,143506995,1.538973517,1.755422149
,,,,,,,,,,,,,,,,,,,
,,,,,,,,,,,,,,,,,,,
,,,,,,,,,,,,,,,,,,,
